claim_id,title,claim_status,proof_provenance,review_status,last_checked
full-solution-lift-circularity-reciprocal-affine-no-go,未标记全域提升的循环性与逐坐标倒数仿射整值障碍,established,repository_derivation,internal_review,2026-08-12
root-context-terminal-disjunctive-invariant,根证书与标记纤维的析取终端不变量,established,repository_derivation,internal_review,2026-08-17
two-denominator-lift-d-only-marked-normal-form,双尾提升的 D-only 标记正规形与 p 载体刚性,established,repository_derivation,internal_review,2026-08-11
two-denominator-lift-same-one-mod-four-no-go,同 1 mod 4 秩的 non-source D-only 标记纤维全域空定理,established,repository_derivation,internal_review,2026-08-01
two-denominator-lift-source-supported-tail-ratio-rigidity,source-supported D-only 提升的固定尾比刚性与中心 Type I 等价,established,repository_derivation,internal_review,2026-07-31
type-I-bottom-sink-scc-complete-excess-bundle-selector,底层汇 SCC 的完整超额 bundle 选择器与线性源 overflow 收缩,established,repository_derivation,internal_review,2026-08-11
type-I-canonical-complete-support-rechart-g-obstruction,规范完全换支撑重图表及其普适 G 态终点,established,repository_derivation,internal_review,2026-07-31
type-I-f-denominator-clearing-qadic-lift-contract,F 状态同分母指数清除的双向 q 进必要合同,established,repository_derivation,internal_review,2026-07-30
type-I-f-psi-one-nearest-fiber-escape-boundary,内禀缺陷一的最近目标纤维与一层逃逸边界,computationally_reproduced,mixed,internal_review,2026-07-31
type-I-f-qadic-numerator-lift-rigidity-and-gcd-reduction,F 状态 q 进清分子的参数刚性与公因子约分,established,repository_derivation,internal_review,2026-07-30
type-I-factorization-free-centered-hit-terminal-serializer,无因数分解中心 hit 的 Type I 终端序列化,established,repository_derivation,internal_review,2026-08-17
type-I-formal-external-slab-collision-absorption-rechart,单新支撑 q-slab 的双碰撞终端与容量吸收图表族,established,repository_derivation,internal_review,2026-08-01
type-I-formal-linear-chart-p-transience-large-slab-anchor,线性图表中 p 边的有限瞬态与 large-slab 三锚点压缩,established,repository_derivation,internal_review,2026-08-01
type-I-formal-target-pair-descent-cycle-boundary,形式目标因子对转移的 m 等于一支撑内循环边界,established,repository_derivation,internal_review,2026-07-30
type-I-generalized-dyadic-natural-lift-equivalence,广义二进偶前驱的自然标记提升等价与 F 态零分支,established,repository_derivation,internal_review,2026-07-31
type-I-generalized-dyadic-standard-even-lift-boundary,广义二进前驱的标准偶源分类与完整提升零边界,computationally_reproduced,mixed,internal_review,2026-07-31
type-I-high-support-bundle-carry-capacity-terminal-dispatch,高支撑 bundle 的精确 carry 容量门、空改善反例与终端分派,established,repository_derivation,internal_review,2026-08-11
type-I-high-support-c2-boundary-carry-dyadic-capacity-transduction,最小高支撑 C=2 边界的严格 carry no-go 与内部二进容量转导,established,repository_derivation,internal_review,2026-08-11
type-I-high-support-c2-centered-vieta-antipodal-no-go,最小 C=2 图表的反足 Vieta 全称 no-go,established,repository_derivation,internal_review,2026-08-11
type-I-high-support-c2-rank-one-retention-exhaustion,最小 C=2 偶前驱的跨图表重索引、双尾保持穷尽与 gap-7 单标记边界,established,repository_derivation,internal_review,2026-08-11
type-I-high-support-rank-aware-sink-bundle-selector,高支撑 F/G 状态的 rank-aware sink-bundle 有限选择器与 p=73 严格出口,established,repository_derivation,internal_review,2026-08-11
type-I-large-slab-three-alpha-arithmetic-boundaries,large-slab 三个内部系数的算术出口与提升边界,established,repository_derivation,internal_review,2026-08-01
type-I-marked-support-accumulation-rechart-saturation,外部支撑累积重图表的良基下降与 overflow 饱和边界,established,repository_derivation,internal_review,2026-08-03
type-I-odd-owner-prime-matched-affine-carrier-fourier-descent-boundary,奇素数 source 匹配的仿射载体、显式核 Fourier 与良基递降边界,established,repository_derivation,internal_review,2026-08-10
type-I-overflow-a-one-dual-outer-rank-reset,A=1 overflow 的对偶外层秩 RESET,established,repository_derivation,internal_review,2026-08-03
type-I-overflow-a-one-generic-determinant-boundary,A=1 overflow 的小载体假设边界,established,repository_derivation,internal_review,2026-08-03
type-I-overflow-cofactor-r-chart-support,overflow 的余因子支撑 r-图表候选与同图表正控制,computationally_reproduced,repository_derivation,internal_review,2026-08-06
type-I-overflow-d-one-p-minus-two-g-rechart,d=1 overflow 的 p-2 G 重图表正规形,established,repository_derivation,internal_review,2026-08-03
type-I-overflow-d-only-square-excess-no-go,overflow 补秩的累积支撑互素性与 D-only 平方超额边界,established,repository_derivation,internal_review,2026-08-01
type-I-overflow-determinant-fixed-n-dual-support-conflict,overflow 行列式的固定 n 对偶图谱与累积支撑冲突,established,repository_derivation,internal_review,2026-08-03
type-I-overflow-fixed-n-bounded-divisor-saturation,overflow 固定 n 的有界除子外层秩递降,established,repository_derivation,internal_review,2026-08-03
type-I-overflow-full-product-d-one-g-anchor-retention-rigidity,完整乘积 d=1 饱和支到 p-2 G 锚点的支撑保留刚性,established,repository_derivation,internal_review,2026-08-12
type-I-overflow-high-carrier-fixed-n-R-descent,高载体 overflow 固定 n 有界除子的 R 严格递降,established,repository_derivation,internal_review,2026-08-03
type-I-overflow-outer-rank-reset,overflow RESET 的 joined-support 外层秩递降,computationally_reproduced,repository_derivation,internal_review,2026-08-03
type-I-overflow-r-one-dual-boundary,overflow 余数 r=1 的对偶边界,established,repository_derivation,internal_review,2026-08-03
type-I-overflow-unbounded-full-product-quotient-fold,overflow 固定-n 完整乘积商折叠的无界 support 严格递降,conditional,repository_derivation,internal_review,2026-08-12
type-I-overflow-unbounded-same-chart-promotion-persistence-boundary,overflow 同图表支撑升级的无界精确秩与高支撑父端点边界,established,repository_derivation,internal_review,2026-08-11
type-I-p-minus-one-equal-tail-marker-capacity-terminal-collapse,p-1 等尾显式标记的精确容量与单坐标终端坍缩,established,repository_derivation,internal_review,2026-08-11
type-I-path-anchored-atomic-split-complete-excess-admission,双侧完整超额原子来源的条件准入 schema 与精确秩边界,established,repository_derivation,internal_review,2026-08-13
type-I-phase-clearing-cell-capacity-contract,q 进清分相位胞与跨状态容量合同,established,repository_derivation,internal_review,2026-08-01
type-I-phase-labeled-candidate-selector-well-founded-schedule,重图表与形式吸收的不可逆两阶段良基调度,established,repository_derivation,internal_review,2026-07-31
type-I-psi-one-full-spectrum-terminal-descent-boundary,完整 F 谱中四百八十三个缺陷一状态的终端与提升边界,computationally_reproduced,mixed,internal_review,2026-07-31
type-I-source-lattice-qheight-dual-valuation-shift-carrier,源格角色的最小 q 层对偶与 content 估值移位载体,established,repository_derivation,internal_review,2026-08-10
type-I-type-II-mod-three-double-g-exit-obstruction,模三双 G 出口的精确等价与小缺口严格反例,established,repository_derivation,internal_review,2026-08-12
type-I-unified-terminal-first-selector-contract,Type I 终端优先的近邻—广义二进—对偶统一选择器合同,established,repository_derivation,internal_review,2026-08-11
type-I-universal-p-source-capacity-anchor-orbit,通用 p 源、容量锚点轨道与周期对偶证书,established,repository_derivation,internal_review,2026-08-01
type-II-gap-23-odd-h-qnr-terminal-descent,奇 h 的 gap-23 二次非剩余 Type II 终端与两尾递降,established,repository_derivation,internal_review,2026-08-12
type-II-odd-kernel-overflow-natural-tail-relation-graph,Type II 奇核盒外关系的 px 自然尾容量与 kappa=1 周期归约,established,repository_derivation,internal_review,2026-08-12
type-II-p-minus-one-divisor-downset-prime-power-allocation,p-1 因子 Type II 的端点整除单调性、因子下闭容量域与素数幂分配,established,repository_derivation,internal_review,2026-08-11
type-II-p-minus-one-endpoint-envelope-large-prime-allocation,p-1 因子 Type II 的端点容量包络、大素因子分配与 p=67369 完整分派,established,repository_derivation,internal_review,2026-08-11
type-II-p-minus-one-fixed-source-rank-finite-menu-cubic-capacity,p-1 因子 Type II 递降的固定源秩有限菜单与三次容量界,established,repository_derivation,internal_review,2026-08-11
type-II-q-one-c3-source-lineage-phase-root-entry,q=1 G 到 c=3 source-lineage 根及 R=11 RESET 的单向 phase relay,established,repository_derivation,internal_review,2026-08-16
type-II-q-one-full-carrier-phase-root-entry,q=1 G 全载体 Type I 根的目标无关 phase-root 准入,established,repository_derivation,independent_review,2026-08-17
type-II-q-one-full-carrier-second-anchor-fixed-n-macro,q=1 full-carrier 第二 anchor overflow 的固定-n 严格宏出口,established,repository_derivation,internal_review,2026-08-15
type-II-relation-reach-gcd-shadow-endpoint-descent,Type II 关系 Reach 的 q-owned gcd shadow 全称端点递降,established,repository_derivation,internal_review,2026-08-12
type-II-relation-reach-proper-endpoint-descent,Type II 关系图可达底层的真因子端点递降与终端优先边界,established,repository_derivation,internal_review,2026-08-12
type-II-symmetric-divisor-fiber-antipodal-physical-capacity-terminal,Type II 对称除子纤维的反足物理容量与逐奇核模式终端,established,repository_derivation,internal_review,2026-08-12
